scenario,iteration,initial,requests,concurrency,success,failed,expected,actual,lost,invariant
load,1,100,1000,20,1000,0,1100,1100,0,true
load,2,100,1000,20,1000,0,1100,1100,0,true
load,3,100,1000,20,1000,0,1100,1100,0,true
load,4,100,1000,20,1000,0,1100,1100,0,true
load,5,100,1000,20,1000,0,1100,1100,0,true
load,6,100,1000,20,1000,0,1100,1100,0,true
load,7,100,1000,20,1000,0,1100,1100,0,true
load,8,100,1000,20,1000,0,1100,1100,0,true
load,9,100,1000,20,1000,0,1100,1100,0,true
load,10,100,1000,20,1000,0,1100,1100,0,true
pair,1,100,2,2,2,0,102,102,0,true
pair,2,100,2,2,2,0,102,102,0,true
pair,3,100,2,2,2,0,102,102,0,true
pair,4,100,2,2,2,0,102,102,0,true
pair,5,100,2,2,2,0,102,102,0,true
pair,6,100,2,2,2,0,102,102,0,true
pair,7,100,2,2,2,0,102,102,0,true
pair,8,100,2,2,2,0,102,102,0,true
pair,9,100,2,2,2,0,102,102,0,true
pair,10,100,2,2,2,0,102,102,0,true
pair,11,100,2,2,2,0,102,102,0,true
pair,12,100,2,2,2,0,102,102,0,true
pair,13,100,2,2,2,0,102,102,0,true
pair,14,100,2,2,2,0,102,102,0,true
pair,15,100,2,2,2,0,102,102,0,true
pair,16,100,2,2,2,0,102,102,0,true
pair,17,100,2,2,2,0,102,102,0,true
pair,18,100,2,2,2,0,102,102,0,true
pair,19,100,2,2,2,0,102,102,0,true
pair,20,100,2,2,2,0,102,102,0,true
